Season,Team,GoalsScored,GoalsConceded,Shots,Fouls,Corners,YellowCards,RedCards,Wins
1993/1994,Albacete,49,58,0,0,0,0,0,10
1993/1994,Ath Bilbao,61,47,0,0,0,0,0,16
1993/1994,Ath Madrid,54,54,0,0,0,0,0,13
1993/1994,Barcelona,91,42,0,0,0,0,0,25
1993/1994,Celta,41,51,0,0,0,0,0,11
1993/1994,La Coruna,54,18,0,0,0,0,0,22
1993/1994,Lerida,29,48,0,0,0,0,0,7
1993/1994,Logrones,47,58,0,0,0,0,0,9
1993/1994,Osasuna,34,63,0,0,0,0,0,8
1993/1994,Oviedo,43,49,0,0,0,0,0,12
1993/1994,Real Madrid,61,49,0,0,0,0,0,19
1993/1994,Santander,44,42,0,0,0,0,0,15
1993/1994,Sevilla,56,42,0,0,0,0,0,15
1993/1994,Sociedad,38,47,0,0,0,0,0,12
1993/1994,Sp Gijon,42,57,0,0,0,0,0,15
1993/1994,Tenerife,50,57,0,0,0,0,0,15
1993/1994,Valencia,55,50,0,0,0,0,0,14
1993/1994,Valladolid,28,51,0,0,0,0,0,8
1993/1994,Vallecano,40,58,0,0,0,0,0,9
1993/1994,Zaragoza,71,47,0,0,0,0,0,19
1994/1995,Albacete,44,61,0,0,0,0,0,10
1994/1995,Ath Bilbao,39,42,0,0,0,0,0,16
1994/1995,Ath Madrid,56,54,0,0,0,0,0,13
1994/1995,Barcelona,60,45,0,0,0,0,0,18
1994/1995,Betis,46,25,0,0,0,0,0,15
1994/1995,Celta,36,48,0,0,0,0,0,11
1994/1995,Compostela,44,56,0,0,0,0,0,11
1994/1995,Espanol,51,35,0,0,0,0,0,14
1994/1995,La Coruna,68,32,0,0,0,0,0,20
1994/1995,Logrones,15,79,0,0,0,0,0,2
1994/1995,Oviedo,45,42,0,0,0,0,0,13
1994/1995,Real Madrid,76,29,0,0,0,0,0,23
1994/1995,Santander,42,47,0,0,0,0,0,13
1994/1995,Sevilla,55,41,0,0,0,0,0,16
1994/1995,Sociedad,56,44,0,0,0,0,0,12
1994/1995,Sp Gijon,42,67,0,0,0,0,0,8
1994/1995,Tenerife,57,57,0,0,0,0,0,13
1994/1995,Valencia,53,48,0,0,0,0,0,13
1994/1995,Valladolid,25,63,0,0,0,0,0,8
1994/1995,Zaragoza,56,51,0,0,0,0,0,18
1995/1996,Albacete,55,81,0,0,0,0,0,10
1995/1996,Ath Bilbao,44,55,0,0,0,0,0,11
1995/1996,Ath Madrid,75,32,0,0,0,0,0,26
1995/1996,Barcelona,72,39,0,0,0,0,0,22
1995/1996,Betis,61,54,0,0,0,0,0,16
1995/1996,Celta,49,51,0,0,0,0,0,12
1995/1996,Compostela,47,54,0,0,0,0,0,17
1995/1996,Espanol,63,36,0,0,0,0,0,20
1995/1996,La Coruna,63,44,0,0,0,0,0,16
1995/1996,Merida,37,62,0,0,0,0,0,10
1995/1996,Oviedo,48,67,0,0,0,0,0,12
1995/1996,Real Madrid,75,51,0,0,0,0,0,20
1995/1996,Salamanca,53,82,0,0,0,0,0,8
1995/1996,Santander,47,69,0,0,0,0,0,11
1995/1996,Sevilla,43,55,0,0,0,0,0,11
1995/1996,Sociedad,62,53,0,0,0,0,0,17
1995/1996,Sp Gijon,51,60,0,0,0,0,0,13
1995/1996,Tenerife,69,54,0,0,0,0,0,20
1995/1996,Valencia,77,51,0,0,0,0,0,26
1995/1996,Valladolid,57,62,0,0,0,0,0,11
1995/1996,Vallecano,47,75,0,0,0,0,0,12
1995/1996,Zaragoza,51,59,0,0,0,0,0,11
1996/1997,Ath Bilbao,72,57,0,0,0,0,0,16
1996/1997,Ath Madrid,76,64,0,0,0,0,0,20
1996/1997,Barcelona,102,48,0,0,0,0,0,28
1996/1997,Betis,81,46,0,0,0,0,0,21
1996/1997,Celta,51,54,0,0,0,0,0,12
1996/1997,Compostela,52,65,0,0,0,0,0,13
1996/1997,Espanol,51,57,0,0,0,0,0,14
1996/1997,Extremadura,35,64,0,0,0,0,0,11
1996/1997,Hercules,40,77,0,0,0,0,0,12
1996/1997,La Coruna,57,30,0,0,0,0,0,21
1996/1997,Logrones,33,85,0,0,0,0,0,9
1996/1997,Oviedo,49,65,0,0,0,0,0,12
1996/1997,Real Madrid,85,36,0,0,0,0,0,27
1996/1997,Santander,52,54,0,0,0,0,0,11
1996/1997,Sevilla,50,69,0,0,0,0,0,12
1996/1997,Sociedad,50,47,0,0,0,0,0,18
1996/1997,Sp Gijon,45,63,0,0,0,0,0,13
1996/1997,Tenerife,69,57,0,0,0,0,0,15
1996/1997,Valencia,63,59,0,0,0,0,0,15
1996/1997,Valladolid,57,46,0,0,0,0,0,18
1996/1997,Vallecano,43,62,0,0,0,0,0,13
1996/1997,Zaragoza,58,66,0,0,0,0,0,12
1997/1998,Ath Bilbao,52,42,0,0,0,0,0,17
1997/1998,Ath Madrid,79,56,0,0,0,0,0,16
1997/1998,Barcelona,78,56,0,0,0,0,0,23
1997/1998,Betis,49,50,0,0,0,0,0,17
1997/1998,Celta,54,47,0,0,0,0,0,17
1997/1998,Compostela,56,66,0,0,0,0,0,11
1997/1998,Espanol,44,31,0,0,0,0,0,12
1997/1998,La Coruna,44,46,0,0,0,0,0,12
1997/1998,Mallorca,55,39,0,0,0,0,0,16
1997/1998,Merida,33,53,0,0,0,0,0,9
1997/1998,Oviedo,36,51,0,0,0,0,0,9
1997/1998,Real Madrid,63,45,0,0,0,0,0,17
1997/1998,Salamanca,46,46,0,0,0,0,0,12
1997/1998,Santander,46,55,0,0,0,0,0,12
1997/1998,Sociedad,60,37,0,0,0,0,0,16
1997/1998,Sp Gijon,31,80,0,0,0,0,0,2
1997/1998,Tenerife,44,57,0,0,0,0,0,11
1997/1998,Valencia,58,52,0,0,0,0,0,16
1997/1998,Valladolid,36,47,0,0,0,0,0,13
1997/1998,Zaragoza,45,53,0,0,0,0,0,12
1998/1999,Alaves,36,63,0,0,0,0,0,11
1998/1999,Ath Bilbao,53,47,0,0,0,0,0,17
1998/1999,Ath Madrid,54,50,0,0,0,0,0,12
1998/1999,Barcelona,87,43,0,0,0,0,0,24
1998/1999,Betis,47,58,0,0,0,0,0,14
1998/1999,Celta,69,41,0,0,0,0,0,17
1998/1999,Espanol,49,38,0,0,0,0,0,16
1998/1999,Extremadura,27,53,0,0,0,0,0,9
1998/1999,La Coruna,55,43,0,0,0,0,0,17
1998/1999,Mallorca,48,31,0,0,0,0,0,20
1998/1999,Oviedo,41,57,0,0,0,0,0,11
1998/1999,Real Madrid,77,62,0,0,0,0,0,21
1998/1999,Salamanca,29,66,0,0,0,0,0,7
1998/1999,Santander,41,53,0,0,0,0,0,10
1998/1999,Sociedad,47,43,0,0,0,0,0,14
1998/1999,Tenerife,41,63,0,0,0,0,0,7
1998/1999,Valencia,63,39,0,0,0,0,0,19
1998/1999,Valladolid,35,44,0,0,0,0,0,13
1998/1999,Villareal,47,63,0,0,0,0,0,8
1998/1999,Zaragoza,57,46,0,0,0,0,0,16
1999/2000,Alaves,41,37,0,0,0,0,0,17
1999/2000,Ath Bilbao,47,57,0,0,0,0,0,12
1999/2000,Ath Madrid,48,64,0,0,0,0,0,9
1999/2000,Barcelona,70,46,0,0,0,0,0,19
1999/2000,Betis,33,56,0,0,0,0,0,11
1999/2000,Celta,45,43,0,0,0,0,0,15
1999/2000,Espanol,51,48,0,0,0,0,0,12
1999/2000,La Coruna,66,44,0,0,0,0,0,21
1999/2000,Malaga,55,50,0,0,0,0,0,11
1999/2000,Mallorca,52,45,0,0,0,0,0,14
1999/2000,Numancia,47,59,0,0,0,0,0,11
1999/2000,Oviedo,44,60,0,0,0,0,0,11
1999/2000,Real Madrid,58,48,0,0,0,0,0,16
1999/2000,Santander,52,50,0,0,0,0,0,10
1999/2000,Sevilla,42,67,0,0,0,0,0,5
1999/2000,Sociedad,42,49,0,0,0,0,0,11
1999/2000,Valencia,59,39,0,0,0,0,0,18
1999/2000,Valladolid,36,44,0,0,0,0,0,14
1999/2000,Vallecano,51,53,0,0,0,0,0,15
1999/2000,Zaragoza,60,40,0,0,0,0,0,16
2000/2001,Alaves,58,59,0,0,0,0,0,14
2000/2001,Ath Bilbao,44,60,0,0,0,0,0,11
2000/2001,Barcelona,80,57,0,0,0,0,0,17
2000/2001,Celta,51,49,0,0,0,0,0,16
2000/2001,Espanol,46,44,0,0,0,0,0,14
2000/2001,La Coruna,73,44,0,0,0,0,0,22
2000/2001,Las Palmas,42,62,0,0,0,0,0,13
2000/2001,Malaga,60,61,0,0,0,0,0,16
2000/2001,Mallorca,61,43,0,0,0,0,0,20
2000/2001,Numancia,40,64,0,0,0,0,0,10
2000/2001,Osasuna,43,54,0,0,0,0,0,10
2000/2001,Oviedo,51,67,0,0,0,0,0,11
2000/2001,Real Madrid,81,40,0,0,0,0,0,24
2000/2001,Santander,48,62,0,0,0,0,0,10
2000/2001,Sociedad,52,68,0,0,0,0,0,11
2000/2001,Valencia,55,34,0,0,0,0,0,18
2000/2001,Valladolid,42,50,0,0,0,0,0,9
2000/2001,Vallecano,56,68,0,0,0,0,0,10
2000/2001,Villarreal,58,52,0,0,0,0,0,16
2000/2001,Zaragoza,54,57,0,0,0,0,0,9
2001/2002,Alaves,41,44,0,0,0,0,0,17
2001/2002,Ath Bilbao,54,66,0,0,0,0,0,14
2001/2002,Barcelona,65,37,0,0,0,0,0,18
2001/2002,Betis,42,34,0,0,0,0,0,15
2001/2002,Celta,64,46,0,0,0,0,0,16
2001/2002,Espanol,47,56,0,0,0,0,0,13
2001/2002,La Coruna,65,41,0,0,0,0,0,20
2001/2002,Las Palmas,40,50,0,0,0,0,0,9
2001/2002,Malaga,44,44,0,0,0,0,0,13
2001/2002,Mallorca,40,52,0,0,0,0,0,11
2001/2002,Osasuna,36,49,0,0,0,0,0,10
2001/2002,Real Madrid,69,44,0,0,0,0,0,19
2001/2002,Sevilla,51,40,0,0,0,0,0,14
2001/2002,Sociedad,48,54,0,0,0,0,0,13
2001/2002,Tenerife,32,58,0,0,0,0,0,10
2001/2002,Valencia,51,27,0,0,0,0,0,21
2001/2002,Valladolid,45,58,0,0,0,0,0,13
2001/2002,Vallecano,46,52,0,0,0,0,0,13
2001/2002,Villarreal,46,55,0,0,0,0,0,11
2001/2002,Zaragoza,35,54,0,0,0,0,0,9
2002/2003,Alaves,38,68,0,0,0,0,0,8
2002/2003,Ath Bilbao,63,61,0,0,0,0,0,15
2002/2003,Ath Madrid,51,56,0,0,0,0,0,12
2002/2003,Barcelona,63,47,0,0,0,0,0,15
2002/2003,Betis,56,53,0,0,0,0,0,14
2002/2003,Celta,45,36,0,0,0,0,0,17
2002/2003,Espanol,48,54,0,0,0,0,0,10
2002/2003,La Coruna,67,47,0,0,0,0,0,22
2002/2003,Malaga,44,49,0,0,0,0,0,11
2002/2003,Mallorca,49,56,0,0,0,0,0,14
2002/2003,Osasuna,40,48,0,0,0,0,0,12
2002/2003,Real Madrid,86,42,0,0,0,0,0,22
2002/2003,Recreativo,35,61,0,0,0,0,0,8
2002/2003,Santander,54,64,0,0,0,0,0,13
2002/2003,Sevilla,38,39,0,0,0,0,0,13
2002/2003,Sociedad,71,45,0,0,0,0,0,22
2002/2003,Valencia,56,35,0,0,0,0,0,17
2002/2003,Valladolid,37,40,0,0,0,0,0,12
2002/2003,Vallecano,31,62,0,0,0,0,0,7
2002/2003,Villarreal,44,53,0,0,0,0,0,11
2003/2004,Albacete,40,48,0,0,0,0,0,13
2003/2004,Ath Bilbao,53,49,0,0,0,0,0,15
2003/2004,Ath Madrid,51,53,0,0,0,0,0,15
2003/2004,Barcelona,63,39,0,0,0,0,0,21
2003/2004,Betis,46,43,0,0,0,0,0,13
2003/2004,Celta,48,68,0,0,0,0,0,9
2003/2004,Espanol,48,64,0,0,0,0,0,13
2003/2004,La Coruna,60,34,0,0,0,0,0,21
2003/2004,Malaga,50,55,0,0,0,0,0,15
2003/2004,Mallorca,54,66,0,0,0,0,0,15
2003/2004,Murcia,29,57,0,0,0,0,0,5
2003/2004,Osasuna,38,37,0,0,0,0,0,11
2003/2004,Real Madrid,72,54,0,0,0,0,0,21
2003/2004,Santander,48,63,0,0,0,0,0,11
2003/2004,Sevilla,56,45,0,0,0,0,0,15
2003/2004,Sociedad,49,53,0,0,0,0,0,11
2003/2004,Valencia,71,27,0,0,0,0,0,23
2003/2004,Valladolid,46,56,0,0,0,0,0,10
2003/2004,Villarreal,47,49,0,0,0,0,0,15
2003/2004,Zaragoza,46,55,0,0,0,0,0,13
2004/2005,Albacete,33,56,0,0,0,0,0,6
2004/2005,Ath Bilbao,59,54,0,0,0,0,0,14
2004/2005,Ath Madrid,40,34,0,0,0,0,0,13
2004/2005,Barcelona,73,29,0,0,0,0,0,25
2004/2005,Betis,62,50,0,0,0,0,0,16
2004/2005,Espanol,54,46,0,0,0,0,0,17
2004/2005,Getafe,38,46,0,0,0,0,0,12
2004/2005,La Coruna,46,50,0,0,0,0,0,12
2004/2005,Levante,39,58,0,0,0,0,0,9
2004/2005,Malaga,40,48,0,0,0,0,0,15
2004/2005,Mallorca,42,63,0,0,0,0,0,10
2004/2005,Numancia,30,61,0,0,0,0,0,6
2004/2005,Osasuna,46,65,0,0,0,0,0,12
2004/2005,Real Madrid,71,32,0,0,0,0,0,25
2004/2005,Santander,41,58,0,0,0,0,0,12
2004/2005,Sevilla,44,41,0,0,0,0,0,17
2004/2005,Sociedad,47,56,0,0,0,0,0,13
2004/2005,Valencia,54,39,0,0,0,0,0,14
2004/2005,Villarreal,69,37,0,0,0,0,0,18
2004/2005,Zaragoza,52,57,0,0,0,0,0,14
2005/2006,Alaves,35,54,408,697,91,88,4,9
2005/2006,Ath Bilbao,40,46,446,719,106,92,6,11
2005/2006,Ath Madrid,45,37,539,795,133,115,10,13
2005/2006,Barcelona,80,35,663,639,131,71,6,25
2005/2006,Betis,34,51,500,817,88,103,7,10
2005/2006,Cadiz,36,52,363,692,109,89,5,8
2005/2006,Celta,45,33,448,697,93,78,2,20
2005/2006,Espanol,36,56,418,719,100,106,9,10
2005/2006,Getafe,54,49,535,748,125,94,8,15
2005/2006,La Coruna,47,45,509,802,97,117,5,15
2005/2006,Malaga,36,68,435,888,101,112,12,5
2005/2006,Mallorca,37,51,430,753,110,94,9,10
2005/2006,Osasuna,49,43,478,807,78,117,7,21
2005/2006,Real Madrid,70,40,564,742,109,108,11,20
2005/2006,Santander,36,49,385,854,107,127,10,9
2005/2006,Sevilla,54,39,544,723,148,100,9,20
2005/2006,Sociedad,48,65,442,700,91,82,10,11
2005/2006,Valencia,58,33,482,697,140,84,6,19
2005/2006,Villarreal,50,39,450,645,101,107,5,14
2005/2006,Zaragoza,46,51,496,680,115,102,6,10
2006/2007,Ath Bilbao,44,62,417,700,106,85,8,10
2006/2007,Ath Madrid,46,39,572,706,124,108,9,17
2006/2007,Barcelona,78,33,550,590,97,78,7,22
2006/2007,Betis,36,49,443,712,95,94,10,8
2006/2007,Celta,40,59,480,660,109,89,11,10
2006/2007,Espanol,46,53,406,758,78,98,8,12
2006/2007,Getafe,39,33,444,708,109,89,6,14
2006/2007,Gimnastic,34,69,381,787,116,89,6,7
2006/2007,La Coruna,32,45,469,708,90,105,11,12
2006/2007,Levante,37,53,434,816,115,108,13,10
2006/2007,Mallorca,41,47,496,718,115,89,5,14
2006/2007,Osasuna,51,49,465,676,123,112,5,13
2006/2007,Real Madrid,66,40,501,799,125,112,10,23
2006/2007,Recreativo,54,52,439,615,114,59,3,15
2006/2007,Santander,42,48,429,784,108,111,9,12
2006/2007,Sevilla,64,35,500,539,120,96,11,21
2006/2007,Sociedad,32,47,359,700,95,85,4,8
2006/2007,Valencia,57,42,440,625,107,99,9,20
2006/2007,Villarreal,48,44,426,653,89,89,4,18
2006/2007,Zaragoza,55,43,486,664,117,105,8,16
2007/2008,Almeria,42,45,436,761,128,100,8,14
2007/2008,Ath Bilbao,40,43,441,684,89,110,8,13
2007/2008,Ath Madrid,66,47,517,674,93,112,7,19
2007/2008,Barcelona,76,43,563,558,144,75,5,19
2007/2008,Betis,45,51,435,739,98,100,5,12
2007/2008,Espanol,43,53,438,749,92,102,6,13
2007/2008,Getafe,44,48,514,582,126,81,9,12
2007/2008,La Coruna,46,47,468,598,105,72,5,15
2007/2008,Levante,33,75,413,631,105,94,2,7
2007/2008,Mallorca,69,54,477,610,117,82,11,15
2007/2008,Murcia,36,65,393,661,101,107,6,7
2007/2008,Osasuna,37,44,454,677,116,105,10,12
2007/2008,Real Madrid,84,36,555,612,95,89,6,27
2007/2008,Recreativo,40,60,441,753,120,112,10,11
2007/2008,Santander,42,41,461,650,94,85,8,17
2007/2008,Sevilla,75,49,565,651,119,96,10,20
2007/2008,Valencia,48,62,380,676,112,88,8,15
2007/2008,Valladolid,42,57,480,665,136,78,7,11
2007/2008,Villarreal,63,40,441,584,90,83,3,24
2007/2008,Zaragoza,50,61,506,667,114,104,9,10
2008/2009,Almeria,45,61,416,660,124,94,12,13
2008/2009,Ath Bilbao,47,62,472,684,102,105,13,12
2008/2009,Ath Madrid,80,57,560,633,126,108,6,20
2008/2009,Barcelona,105,35,707,488,140,71,6,27
2008/2009,Betis,51,58,556,637,102,96,9,10
2008/2009,Espanol,46,49,422,673,75,100,6,12
2008/2009,Getafe,50,56,580,545,103,119,7,10
2008/2009,La Coruna,48,47,490,523,123,81,4,16
2008/2009,Malaga,55,59,443,616,102,96,7,15
2008/2009,Mallorca,53,60,561,674,118,109,7,14
2008/2009,Numancia,38,69,422,665,85,97,9,10
2008/2009,Osasuna,41,47,427,649,124,101,12,10
2008/2009,Real Madrid,83,52,626,642,107,111,9,25
2008/2009,Recreativo,34,57,404,660,125,91,6,8
2008/2009,Santander,49,48,442,717,105,126,9,12
2008/2009,Sevilla,54,39,546,616,125,96,8,21
2008/2009,Sp Gijon,47,79,475,732,106,119,5,14
2008/2009,Valencia,68,54,530,676,112,108,6,18
2008/2009,Valladolid,46,58,468,578,146,76,10,12
2008/2009,Villarreal,61,54,487,587,99,92,5,18
2009/2010,Almeria,43,55,440,628,127,92,6,10
2009/2010,Ath Bilbao,50,53,483,569,127,91,10,15
2009/2010,Ath Madrid,57,61,552,610,117,85,7,13
2009/2010,Barcelona,98,24,594,513,146,73,5,31
2009/2010,Espanol,29,46,461,621,126,107,9,11
2009/2010,Getafe,58,48,548,528,161,109,4,17
2009/2010,La Coruna,35,49,394,488,85,64,6,13
2009/2010,Malaga,42,48,457,681,110,130,10,7
2009/2010,Mallorca,59,44,486,672,104,94,4,18
2009/2010,Osasuna,37,46,423,618,113,80,9,11
2009/2010,Real Madrid,102,35,816,585,115,88,5,31
2009/2010,Santander,42,59,402,718,98,99,7,9
2009/2010,Sevilla,65,49,504,600,145,95,10,19
2009/2010,Sp Gijon,36,51,413,595,98,96,6,9
2009/2010,Tenerife,40,74,539,614,128,86,4,9
2009/2010,Valencia,59,40,544,630,156,106,8,21
2009/2010,Valladolid,37,62,507,636,108,96,11,7
2009/2010,Villarreal,58,57,482,532,113,89,11,16
2009/2010,Xerez,38,66,364,577,95,96,14,8
2009/2010,Zaragoza,46,64,485,679,96,122,6,10
2010/2011,Almeria,36,70,456,560,118,93,4,6
2010/2011,Ath Bilbao,59,55,502,625,129,95,7,18
2010/2011,Ath Madrid,62,53,569,559,147,103,5,17
2010/2011,Barcelona,95,21,591,399,160,71,2,30
2010/2011,Espanol,46,55,459,539,98,105,5,15
2010/2011,Getafe,49,60,523,515,130,107,7,12
2010/2011,Hercules,36,60,394,517,107,92,8,9
2010/2011,La Coruna,31,47,414,497,108,85,5,10
2010/2011,Levante,41,52,388,557,100,125,3,12
2010/2011,Malaga,54,68,442,540,109,95,7,13
2010/2011,Mallorca,41,56,488,532,102,85,3,12
2010/2011,Osasuna,45,46,480,651,121,106,7,13
2010/2011,Real Madrid,102,33,718,537,154,91,7,29
2010/2011,Santander,41,56,461,600,97,85,7,12
2010/2011,Sevilla,62,61,518,545,118,96,7,17
2010/2011,Sociedad,49,66,428,540,115,75,0,14
2010/2011,Sp Gijon,35,42,432,597,94,101,6,11
2010/2011,Valencia,64,44,494,602,151,103,8,21
2010/2011,Villarreal,54,44,524,465,90,89,4,18
2010/2011,Zaragoza,40,53,524,679,108,115,9,12
2011/2012,Ath Bilbao,49,52,461,550,145,102,8,12
2011/2012,Ath Madrid,53,46,579,685,146,127,4,15
2011/2012,Barcelona,114,29,623,407,152,71,4,28
2011/2012,Betis,47,56,516,547,121,96,7,13
2011/2012,Espanol,46,56,498,587,126,126,7,12
2011/2012,Getafe,40,51,373,580,83,125,8,12
2011/2012,Granada,35,56,492,439,104,106,10,12
2011/2012,Levante,54,50,393,483,107,115,3,16
2011/2012,Malaga,54,53,534,430,139,72,7,17
2011/2012,Mallorca,42,46,437,680,125,119,6,14
2011/2012,Osasuna,44,61,466,581,101,97,8,13
2011/2012,Real Madrid,121,32,729,526,122,89,5,32
2011/2012,Santander,28,63,356,607,96,115,8,4
2011/2012,Sevilla,48,47,588,497,126,110,8,13
2011/2012,Sociedad,46,52,477,461,111,79,8,12
2011/2012,Sp Gijon,42,69,461,643,110,117,5,10
2011/2012,Valencia,59,44,511,643,137,127,6,17
2011/2012,Vallecano,53,73,491,615,126,124,4,13
2011/2012,Villarreal,39,53,453,535,98,92,5,9
2011/2012,Zaragoza,36,61,436,670,99,119,9,12
2012/2013,Ath Bilbao,44,65,478,534,143,113,9,12
2012/2013,Ath Madrid,65,31,507,594,126,96,5,23
2012/2013,Barcelona,115,40,524,401,139,55,3,32
2012/2013,Betis,57,56,446,557,101,113,7,16
2012/2013,Celta,37,52,457,510,107,98,4,10
2012/2013,Espanol,43,52,405,653,111,144,12,11
2012/2013,Getafe,43,57,466,547,108,109,9,13
2012/2013,Granada,37,54,464,573,116,100,5,11
2012/2013,La Coruna,47,70,525,433,119,98,8,8
2012/2013,Levante,40,57,398,588,103,107,7,12
2012/2013,Malaga,53,50,436,495,108,90,6,16
2012/2013,Mallorca,43,72,481,594,152,98,8,9
2012/2013,Osasuna,33,50,509,566,139,110,10,10
2012/2013,Real Madrid,103,42,704,469,141,89,6,26
2012/2013,Sevilla,58,54,549,549,138,92,14,14
2012/2013,Sociedad,70,49,549,449,154,92,2,18
2012/2013,Valencia,67,54,566,577,112,120,8,19
2012/2013,Valladolid,49,58,387,505,98,77,3,11
2012/2013,Vallecano,50,66,561,593,129,137,4,16
2012/2013,Zaragoza,37,62,460,616,96,122,11,9
2013/2014,Almeria,43,71,397,562,98,95,5,11
2013/2014,Ath Bilbao,66,39,510,486,131,76,4,20
2013/2014,Ath Madrid,77,26,503,526,153,97,3,28
2013/2014,Barcelona,100,33,643,426,137,72,1,27
2013/2014,Betis,36,78,501,543,124,103,9,6
2013/2014,Celta,49,54,494,516,99,78,4,14
2013/2014,Elche,30,50,403,534,115,110,8,9
2013/2014,Espanol,41,51,415,611,93,92,7,11
2013/2014,Getafe,35,54,429,580,123,118,8,11
2013/2014,Granada,32,56,432,543,113,97,9,12
2013/2014,Levante,35,43,364,649,81,109,9,12
2013/2014,Malaga,39,46,473,567,110,112,9,12
2013/2014,Osasuna,32,62,433,493,110,85,8,10
2013/2014,Real Madrid,104,38,743,450,131,74,3,27
2013/2014,Sevilla,69,52,499,572,133,111,8,18
2013/2014,Sociedad,62,55,503,456,116,75,1,16
2013/2014,Valencia,51,53,524,492,138,92,4,13
2013/2014,Valladolid,38,60,373,525,126,101,2,7
2013/2014,Vallecano,46,80,537,543,110,98,9,13
2013/2014,Villarreal,60,44,436,528,131,71,4,17
2014/2015,Almeria,35,64,395,562,103,105,11,8
2014/2015,Ath Bilbao,42,41,441,529,122,96,4,15
2014/2015,Ath Madrid,67,29,438,543,120,109,5,23
2014/2015,Barcelona,110,21,626,369,128,66,3,30
2014/2015,Celta,47,44,496,586,141,115,5,13
2014/2015,Cordoba,22,68,395,494,93,93,9,3
2014/2015,Eibar,34,55,357,569,80,103,5,9
2014/2015,Elche,35,62,408,584,93,102,6,11
2014/2015,Espanol,47,51,381,614,106,116,6,13
2014/2015,Getafe,33,64,420,541,103,93,4,10
2014/2015,Granada,29,64,403,572,114,111,5,7
2014/2015,La Coruna,35,60,397,562,90,103,4,7
2014/2015,Levante,34,67,403,557,92,107,3,9
2014/2015,Malaga,42,48,457,558,121,101,8,14
2014/2015,Real Madrid,118,38,688,407,141,85,3,30
2014/2015,Sevilla,71,45,455,604,114,115,2,23
2014/2015,Sociedad,44,51,427,512,116,88,1,11
2014/2015,Valencia,70,32,439,566,94,101,9,22
2014/2015,Vallecano,46,68,493,554,111,106,6,15
2014/2015,Villarreal,48,37,508,526,134,94,2,16
2015/2016,Ath Bilbao,58,45,454,501,125,83,6,18
2015/2016,Ath Madrid,63,18,480,505,121,88,3,28
2015/2016,Barcelona,112,29,604,382,114,66,1,29
2015/2016,Betis,34,52,392,491,96,104,5,11
2015/2016,Celta,51,59,444,529,120,109,7,17
2015/2016,Eibar,49,61,419,593,102,103,4,11
2015/2016,Espanol,40,74,388,653,94,120,5,12
2015/2016,Getafe,37,67,432,531,107,122,6,9
2015/2016,Granada,46,69,429,585,85,133,7,10
2015/2016,La Coruna,45,61,451,401,118,80,4,8
2015/2016,Las Palmas,45,53,419,466,73,95,4,12
2015/2016,Levante,37,70,433,548,97,126,7,8
2015/2016,Malaga,38,35,448,552,106,103,5,12
2015/2016,Real Madrid,110,34,710,422,138,68,5,28
2015/2016,Sevilla,51,50,460,557,139,95,8,14
2015/2016,Sociedad,45,48,457,464,127,104,5,13
2015/2016,Sp Gijon,40,62,371,524,93,98,6,10
2015/2016,Valencia,46,48,396,566,112,101,7,11
2015/2016,Vallecano,52,73,501,546,104,108,10,9
2015/2016,Villarreal,44,35,342,519,104,96,4,18
2016/2017,Alaves,41,43,389,540,77,113,5,14
2016/2017,Ath Bilbao,53,43,478,499,124,87,2,19
2016/2017,Ath Madrid,70,27,502,498,126,80,3,23
2016/2017,Barcelona,116,37,648,421,146,73,1,28
2016/2017,Betis,41,64,440,574,104,102,5,10
2016/2017,Celta,53,69,405,513,76,98,8,13
2016/2017,Eibar,56,51,449,515,104,91,7,15
2016/2017,Espanol,49,50,343,567,94,80,2,15
2016/2017,Granada,30,82,380,553,90,109,6,4
2016/2017,La Coruna,43,61,461,536,110,92,4,8
2016/2017,Las Palmas,53,74,437,466,95,98,6,10
2016/2017,Leganes,36,55,413,644,74,105,3,8
2016/2017,Malaga,49,55,491,547,116,108,7,12
2016/2017,Osasuna,40,94,389,567,96,98,3,4
2016/2017,Real Madrid,106,41,661,425,124,72,2,29
2016/2017,Sevilla,69,49,486,581,112,105,4,21
2016/2017,Sociedad,59,53,487,528,125,79,6,19
2016/2017,Sp Gijon,42,72,375,567,99,112,4,7
2016/2017,Valencia,56,65,447,550,107,108,6,13
2016/2017,Villarreal,56,33,425,507,106,89,4,19
2017/2018,Alaves,40,50,383,603,73,109,4,15
2017/2018,Ath Bilbao,41,49,430,526,104,93,0,10
2017/2018,Ath Madrid,58,22,404,538,113,96,5,23
2017/2018,Barcelona,99,29,580,383,115,67,2,28
2017/2018,Betis,60,61,415,466,89,92,3,18
2017/2018,Celta,59,60,443,429,92,86,1,13
2017/2018,Eibar,44,50,476,493,121,84,3,14
2017/2018,Espanol,36,42,411,520,92,89,1,12
2017/2018,Getafe,42,33,370,674,105,132,5,15
2017/2018,Girona,50,59,443,615,97,104,0,14
2017/2018,La Coruna,38,76,464,506,115,101,2,6
2017/2018,Las Palmas,24,74,410,482,108,89,3,5
2017/2018,Leganes,34,51,396,588,93,105,5,12
2017/2018,Levante,44,58,410,553,91,110,7,11
2017/2018,Malaga,24,61,402,613,86,100,8,5
2017/2018,Real Madrid,94,44,698,436,163,65,4,22
2017/2018,Sevilla,49,58,519,562,122,101,3,17
2017/2018,Sociedad,66,59,517,420,125,60,5,14
2017/2018,Valencia,65,38,478,519,120,106,5,22
2017/2018,Villarreal,57,50,470,595,109,117,6,18
2018/2019,Alaves,39,50,432,548,89,101,1,13
2018/2019,Ath Bilbao,41,45,387,581,101,120,5,13
2018/2019,Ath Madrid,55,29,442,476,108,103,5,22
2018/2019,Barcelona,90,36,561,407,115,77,2,26
2018/2019,Betis,44,52,444,436,102,89,1,14
2018/2019,Celta,53,62,449,458,98,84,6,10
2018/2019,Eibar,46,50,527,515,129,83,2,11
2018/2019,Espanol,48,50,470,530,94,92,2,14
2018/2019,Getafe,48,35,397,641,91,112,7,15
2018/2019,Girona,37,53,402,536,85,83,4,9
2018/2019,Huesca,43,65,474,580,117,114,3,7
2018/2019,Leganes,37,43,419,541,80,106,4,11
2018/2019,Levante,59,66,443,501,123,112,7,11
2018/2019,Real Madrid,63,46,594,444,130,83,6,21
2018/2019,Sevilla,62,47,532,536,106,118,6,17
2018/2019,Sociedad,45,46,425,491,103,82,4,13
2018/2019,Valencia,51,35,478,463,127,90,3,15
2018/2019,Valladolid,32,51,413,521,124,92,0,10
2018/2019,Vallecano,41,70,455,567,94,106,8,8
2018/2019,Villarreal,49,52,493,519,102,118,3,10
2019/2020,Alaves,32,48,268,508,66,97,6,9
2019/2020,Ath Bilbao,36,28,349,442,85,78,1,11
2019/2020,Ath Madrid,43,25,396,449,96,88,2,15
2019/2020,Barcelona,74,35,424,362,85,86,5,21
2019/2020,Betis,43,52,401,402,89,88,7,9
2019/2020,Celta,32,42,318,406,77,87,5,7
2019/2020,Eibar,34,48,355,451,86,80,3,9
2019/2020,Espanol,26,51,350,498,69,90,7,5
2019/2020,Getafe,42,30,349,605,93,116,3,14
2019/2020,Granada,38,38,327,497,81,95,1,12
2019/2020,Leganes,24,49,376,515,77,110,3,5
2019/2020,Levante,41,46,369,383,83,72,4,12
2019/2020,Mallorca,35,56,348,455,83,80,3,8
2019/2020,Osasuna,38,47,400,457,88,94,5,10
2019/2020,Real Madrid,60,21,496,416,98,68,4,21
2019/2020,Sevilla,48,33,425,464,118,89,1,15
2019/2020,Sociedad,48,41,360,430,96,69,2,14
2019/2020,Valencia,41,46,279,357,74,71,7,12
2019/2020,Valladolid,27,37,301,412,72,75,0,7
2019/2020,Villarreal,51,40,435,417,65,71,0,15
2020/2021,Alaves,38,68,395,625,85,109,9,10
2020/2021,Ath Bilbao,51,52,469,564,116,94,4,13
2020/2021,Ath Madrid,75,27,513,553,106,107,1,29
2020/2021,Barcelona,97,41,652,411,136,78,3,28
2020/2021,Betis,55,58,521,592,108,113,10,18
2020/2021,Cadiz,36,58,305,435,61,80,3,11
2020/2021,Celta,60,64,408,698,75,124,6,14
2020/2021,Eibar,34,60,522,581,121,81,3,8
2020/2021,Elche,34,55,268,526,58,99,3,8
2020/2021,Espanol,1,7,62,82,8,15,2,0
2020/2021,Getafe,29,50,424,730,83,139,9,9
2020/2021,Granada,61,72,425,627,92,113,6,17
2020/2021,Huesca,34,53,406,528,78,70,2,7
2020/2021,Leganes,6,2,55,76,7,17,1,3
2020/2021,Levante,52,64,442,593,102,75,2,11
2020/2021,Mallorca,5,9,72,53,6,13,2,1
2020/2021,Osasuna,45,55,435,622,70,96,6,14
2020/2021,Real Madrid,77,32,613,477,132,74,2,30
2020/2021,Sevilla,59,34,527,550,107,87,2,28
2020/2021,Sociedad,67,45,499,637,116,92,1,19
2020/2021,Valencia,55,60,453,515,81,92,6,12
2020/2021,Valladolid,39,63,441,583,76,99,4,7
2020/2021,Villarreal,72,53,467,515,96,73,6,18
2021/2022,Alaves,31,65,382,529,73,92,3,8
2021/2022,Ath Bilbao,43,36,466,487,132,89,4,14
2021/2022,Ath Madrid,65,43,464,473,118,104,7,21
2021/2022,Barcelona,68,38,518,500,129,97,5,21
2021/2022,Betis,62,40,515,485,96,87,6,19
2021/2022,Cadiz,35,51,411,489,101,106,3,8
2021/2022,Celta,43,43,410,507,86,87,3,12
2021/2022,Elche,40,52,335,517,101,104,6,11
2021/2022,Espanol,40,53,405,439,92,99,6,10
2021/2022,Getafe,33,41,408,559,78,119,8,8
2021/2022,Granada,44,61,426,477,88,104,4,8
2021/2022,Levante,51,76,443,550,92,108,5,8
2021/2022,Mallorca,36,63,444,554,84,113,7,10
2021/2022,Osasuna,37,51,434,498,87,84,2,12
2021/2022,Real Madrid,80,31,655,394,124,76,0,26
2021/2022,Sevilla,53,30,432,462,99,96,4,18
2021/2022,Sociedad,40,37,439,491,89,78,4,17
2021/2022,Valencia,48,53,402,641,98,132,7,11
2021/2022,Vallecano,39,50,505,522,105,98,3,11
2021/2022,Villarreal,63,37,455,472,110,81,1,16
2022/2023,Almeria,49,65,440,444,83,96,4,11
2022/2023,Ath Bilbao,47,43,549,510,160,81,5,14
2022/2023,Ath Madrid,70,33,538,440,117,91,8,23
2022/2023,Barcelona,70,20,574,433,150,81,6,28
2022/2023,Betis,46,41,418,414,83,82,15,17
2022/2023,Cadiz,30,53,395,532,87,115,7,10
2022/2023,Celta,43,53,475,469,98,86,6,11
2022/2023,Elche,30,67,408,524,124,99,11,5
2022/2023,Espanol,52,69,421,457,117,98,10,8
2022/2023,Getafe,34,45,372,599,70,126,9,10
2022/2023,Girona,58,55,455,440,80,93,3,13
2022/2023,Mallorca,37,43,328,612,68,120,3,14
2022/2023,Osasuna,37,42,446,544,94,93,7,15
2022/2023,Real Madrid,75,36,647,367,120,72,3,24
2022/2023,Sevilla,47,54,468,474,119,119,13,13
2022/2023,Sociedad,51,35,469,623,88,90,2,21
2022/2023,Valencia,42,45,487,504,131,91,8,11
2022/2023,Valladolid,33,63,446,460,97,93,6,11
2022/2023,Vallecano,45,53,516,544,102,90,6,13
2022/2023,Villarreal,59,40,505,450,119,91,3,19
2023/2024,Alaves,36,46,465,481,107,84,1,12
2023/2024,Almeria,43,75,480,476,90,91,5,3
2023/2024,Ath Bilbao,61,37,464,510,113,80,5,19
2023/2024,Ath Madrid,70,43,481,439,80,90,5,24
2023/2024,Barcelona,79,44,593,411,138,87,2,26
2023/2024,Betis,48,45,489,429,114,87,3,14
2023/2024,Cadiz,26,55,398,576,90,107,7,6
2023/2024,Celta,46,57,472,462,110,65,4,10
2023/2024,Getafe,42,54,454,648,79,135,8,10
2023/2024,Girona,85,46,483,406,82,74,1,25
2023/2024,Granada,38,79,402,514,85,96,5,4
2023/2024,Las Palmas,33,47,390,411,97,82,5,10
2023/2024,Mallorca,33,44,419,566,114,103,3,8
2023/2024,Osasuna,45,56,425,517,98,77,5,12
2023/2024,Real Madrid,87,26,596,369,112,69,4,29
2023/2024,Sevilla,48,54,489,475,102,108,4,10
2023/2024,Sociedad,51,39,461,604,109,97,2,16
2023/2024,Valencia,40,45,377,480,78,64,5,13
2023/2024,Vallecano,29,48,490,563,110,106,5,8
2023/2024,Villarreal,65,65,468,488,115,110,8,14
2024/2025,Alaves,38,48,406,612,110,106,5,10
2024/2025,Ath Bilbao,54,29,470,482,100,64,3,19
2024/2025,Ath Madrid,68,30,468,406,111,76,3,22
2024/2025,Barcelona,102,39,678,368,162,64,3,28
2024/2025,Betis,57,50,527,429,103,74,4,16
2024/2025,Celta,59,57,447,460,86,84,5,16
2024/2025,Espanol,40,51,358,498,77,86,1,11
2024/2025,Getafe,34,39,434,601,69,109,7,11
2024/2025,Girona,44,60,397,437,103,75,2,11
2024/2025,Las Palmas,40,61,410,448,99,107,4,8
2024/2025,Leganes,39,56,347,503,51,82,6,9
2024/2025,Mallorca,35,44,385,462,88,80,6,13
2024/2025,Osasuna,48,52,420,507,93,86,0,12
2024/2025,Real Madrid,78,38,633,331,160,57,4,26
2024/2025,Sevilla,42,55,472,491,99,97,8,10
2024/2025,Sociedad,35,46,387,501,128,85,4,13
2024/2025,Valencia,44,54,385,442,111,85,1,11
2024/2025,Valladolid,26,90,335,458,81,93,5,4
2024/2025,Vallecano,41,45,516,522,109,96,3,13
2024/2025,Villarreal,71,51,528,440,100,97,4,20
